﻿Identyfikator,danie,krok,dzialanie
1,1,1,"Kotlety schabowe umyj, osusz i rozbij cienko."
2,1,2,Miękkie masło połącz z posiekanym koperkiem.
3,1,3,"Każdy kotlet posmaruj masłem. Kotlety zawiń ciasno zaczynając od boków, potem przód tak, by powstał walec."
4,1,4,"Jajko roztrzep, wymieszaj ze śmietaną, dopraw pieprzem i przyprawą"
5,1,5,"Roladki panieruj w mące, w jajku i śmietanie, a na końcu w bułce tartej."
6,1,6,"Smaż na małym ogniu, na rozgrzanym oleju, na złoty kolor, co jakiś czas obracając, by się równomiernie usmażyły."
7,2,1,"Schab pokrój w plastry, rozbij lekko młotkiem i dopraw do smaku Przyprawą do mięs"
8,2,2,"Paprykę, cebulę oraz czosnek pokrój na mniejsze kawałki i podsmaż na rozgrzanej oliwie przez około 5 minut."
9,2,3,"Następnie podlej je śmietaną, dodaj szklankę wody oraz bulion. Duś około 10 minut, po czym zmiksuj wszystkie składniki."
10,2,4,Sos dopraw do smaku pieprzem i odrobiną soli (jeśli uznasz to za konieczne).
11,2,5,"Na koniec obsmaż mięso z obu stron na patelni, zalej sosem, wszystko razem duś około 5 minut."
12,3,1,"Mięso mielone przełóż do miski, połącz z odciśniętą bułką oraz jajkiem. Masę dopraw Przyprawą do mięsa mielonego i wyrób na jednolitą masę. Dzięki przyprawie mięso nabierze wyrazistego smaku."
13,3,2,"Cukinię zetrzyj na tarce o grubych oczkach, dodaj do mięsa i wymieszaj. Ser podziel na cztery części i uformuj z każdej z nich podłużny wałeczek."
14,3,3,"Mięsną masę również podziel na cztery części. Na środek każdego placka z mięsa nałóż porcję sera, oklej dokładnie mięsem i uformuj kotlety."
15,3,4,Kotlety obtocz w bułce tartej i smaż na rozgrzanym tłuszczu na złoty kolor po 6-8 minut z każdej strony. Podawaj na ciepło.
16,4,1,"Cebule i czosnek posiekaj. Podsmaż na tłuszczu, do momentu, gdy nabiorą rumianego koloru."
17,4,2,Oczyść łososia ze skóry i ości. Zmiel w maszynce. Koperek posiekaj.
18,4,3,"Mielone mięso dopraw sokiem z cytryny, podsmażoną cebulką z czosnkiem oraz przyprawą Knorr. Dodaj posiekany koperek i ostrą paprykę."
19,4,4,"Dodaj jajka i wyrób masę. Jeśli uznasz, że jest zbyt rzadka, dodaj odrobinę bułki tartej. Formuj kotlety."
20,4,5,Panieruj kotlety w bułce tartej i smaż z obu stron po 6 minut.
21,4,6,Przygotuj Sos Koperkowy Knorr według przepisu na opakowaniu.
22,4,7,"Panierowane kotlety z łososia podawaj z sosem i, na przykład z sałatką."
