﻿idSkladnika,danie,skladnik,jednostka,ilosc,cena
3,Roladki schabowe,kotlety schabowe,szt,6,30
4,Roladki schabowe,przyprawa do mięs,łyżeczka,1,4
5,Roladki schabowe,koper,pęczek,1,6
6,Roladki schabowe,jajko,szt,1,1;2
7,Roladki schabowe,śmietana,łyżka,2,0;5
8,Roladki schabowe,masło,łyżka,2,1
9,Roladki schabowe,bułka tarta,szklanka,1,4;2
10,Roladki schabowe,mąka pszenna,łyżka,2,0;5
11,Roladki schabowe,pieprz czarny mielony,szczypta,1,0;01
12,Roladki schabowe,olej do smażenia,łyżka,4,14
13,Kotleciki schabowe z paprykowym sosem,schab środkowy,gram,400,28
14,Kotleciki schabowe z paprykowym sosem,bulion warzywny,opakowanie,1,6
15,Kotleciki schabowe z paprykowym sosem,czerwona papryka średniej wielkości,szt,1,4;5
16,Kotleciki schabowe z paprykowym sosem,cebula średniej wielkości,szt,1,7
17,Kotleciki schabowe z paprykowym sosem,ząbek czosnku,szt,2,4
18,Kotleciki schabowe z paprykowym sosem,śmietana,mililitr,100,1
19,Kotleciki schabowe z paprykowym sosem,oliwa z oliwek,mililitr,50,14
20,Kotleciki schabowe z paprykowym sosem,woda,szklanka,1,0;05
21,Kotleciki schabowe z paprykowym sosem,sól do smaku,szczypta,1,0;04
22,Kotleciki schabowe z paprykowym sosem,pieprz czarny mielony,szczypta,1,0;01
23,Kotleciki schabowe z paprykowym sosem,przyprawa do mięs,łyżka,1,4
24,Kotlety mielone z cukinią i kozim serem,mięso mielone wieprzowo-wołowe,gram,300,27
25,Kotlety mielone z cukinią i kozim serem,przyprawa do mięsa mielonego,opakowanie,1,5
26,Kotlety mielone z cukinią i kozim serem,jajko,szt,1,1;2
27,Kotlety mielone z cukinią i kozim serem,kajzerka namoczona w mleku,szt,1,2;5
28,Kotlety mielone z cukinią i kozim serem,bułka tarta,łyżka,6,2;8
29,Kotlety mielone z cukinią i kozim serem,cukinia,szt,0;25,8
30,Kotlety mielone z cukinią i kozim serem,ser kozi,gram,100,14
31,Kotlety mielone z cukinią i kozim serem,olej,mililitr,100,12
32,Kotlety rybne z łososia,łosoś (lub inna ryba),kilogram,0;6,48
33,Kotlety rybne z łososia,delikat przyprawa uniwersalna,szt,1,9
34,Kotlety rybne z łososia,ząbek czosnku,szt,2,4
35,Kotlety rybne z łososia,smak sos koperkowy,opakowanie,1,4
36,Kotlety rybne z łososia,białe cebule,szt,2,7
37,Kotlety rybne z łososia,sok z cytryny,mililitr,50,14
38,Kotlety rybne z łososia,jajko,szt,2,2;4
39,Kotlety rybne z łososia,koper,pęczek,1,6
40,Kotlety rybne z łososia,bułka tarta,gram,300,5;4
41,Kotlety rybne z łososia,"papryka ostra w proszku, mielona",gram,15,1;8
42,Kotlety rybne z łososia,tłuszcz do smażenia,opakowanie,1,12;5
