﻿idSurowca,surowiec
1,kotlety schabowe
2,przyprawa do mięs
3,koper
4,jajko
5,śmietana
6,masło
7,bułka tarta
8,mąka pszenna
9,pieprz czarny mielony
10,olej do smażenia
11,schab środkowy
12,bulion warzywny
13,czerwona papryka średniej wielkości
14,cebula średniej wielkości
15,ząbek czosnku
16,oliwa z oliwek
17,woda
18,sól do smaku
19,mięso mielone wieprzowo-wołowe
20,przyprawa do mięsa mielonego
21,kajzerka namoczona w mleku
22,cukinia
23,ser kozi
24,olej
25,łosoś (lub inna ryba)
26,delikat przyprawa uniwersalna
27,smak sos koperkowy
28,białe cebule
29,sok z cytryny
30,"papryka ostra w proszku, mielona"
31,tłuszcz do smażenia
